{
  "model": "Qwen_Qwen3-14B",
  "baseline": {
    "overall": 0.6879310344827586,
    "conflict": 0.5241379310344828,
    "nonconflict": 0.8517241379310345
  },
  "guided": {
    "overall": 0.803448275862069,
    "conflict": 0.7517241379310344,
    "nonconflict": 0.8551724137931035
  },
  "improvement": {
    "overall": 0.11551724137931041,
    "conflict": 0.22758620689655162,
    "nonconflict": 0.0034482758620689724
  }
}