{
  "model": "meta-llama_Llama-3.2-3B-Instruct",
  "baseline": {
    "overall": 0.5,
    "conflict": 0.013793103448275862,
    "nonconflict": 0.9862068965517241
  },
  "guided": {
    "overall": 0.506896551724138,
    "conflict": 0.020689655172413793,
    "nonconflict": 0.993103448275862
  },
  "improvement": {
    "overall": 0.006896551724137945,
    "conflict": 0.006896551724137931,
    "nonconflict": 0.006896551724137945
  }
}