{
  "model": "meta-llama_Llama-3.1-8B-Instruct",
  "baseline": {
    "overall": 0.4982758620689655,
    "conflict": 0.006896551724137931,
    "nonconflict": 0.9896551724137931
  },
  "guided": {
    "overall": 0.5258620689655172,
    "conflict": 0.06206896551724138,
    "nonconflict": 0.9896551724137931
  },
  "improvement": {
    "overall": 0.027586206896551724,
    "conflict": 0.05517241379310345,
    "nonconflict": 0.0
  }
}