{
  "model": "meta-llama_Llama-3.2-1B-Instruct",
  "baseline": {
    "overall": 0.4413793103448276,
    "conflict": 0.0,
    "nonconflict": 0.8827586206896552
  },
  "guided": {
    "overall": 0.44482758620689655,
    "conflict": 0.02413793103448276,
    "nonconflict": 0.8655172413793103
  },
  "improvement": {
    "overall": 0.0034482758620689724,
    "conflict": 0.02413793103448276,
    "nonconflict": -0.017241379310344862
  }
}