{
  "model": "meta-llama_Llama-3.3-70B-Instruct",
  "baseline": {
    "overall": 0.55,
    "conflict": 0.11379310344827587,
    "nonconflict": 0.9862068965517241
  },
  "guided": {
    "overall": 0.5913793103448276,
    "conflict": 0.1896551724137931,
    "nonconflict": 0.993103448275862
  },
  "improvement": {
    "overall": 0.04137931034482756,
    "conflict": 0.07586206896551723,
    "nonconflict": 0.006896551724137945
  }
}