{
  "model": "Qwen_Qwen3-8B",
  "baseline": {
    "overall": 0.6120689655172413,
    "conflict": 0.23448275862068965,
    "nonconflict": 0.9896551724137931
  },
  "guided": {
    "overall": 0.746551724137931,
    "conflict": 0.503448275862069,
    "nonconflict": 0.9896551724137931
  },
  "improvement": {
    "overall": 0.1344827586206897,
    "conflict": 0.2689655172413793,
    "nonconflict": 0.0
  }
}