{
  "model": "Qwen_Qwen2.5-72B-Instruct",
  "baseline": {
    "overall": 0.6982758620689655,
    "conflict": 0.5344827586206896,
    "nonconflict": 0.8620689655172413
  },
  "guided": {
    "overall": 0.8120689655172414,
    "conflict": 0.7517241379310344,
    "nonconflict": 0.8724137931034482
  },
  "improvement": {
    "overall": 0.11379310344827587,
    "conflict": 0.21724137931034482,
    "nonconflict": 0.010344827586206917
  }
}